{"cameraMode":{"drawMode":0,"name":"Shaded","section":"Shading Mode"},"sceneLighting":false,"audioPlay":false,"sceneViewState":{"showFog":true,"showMaterialUpdate":false,"showSkybox":false,"showFlares":true,"showImageEffects":true,"showParticleSystems":true},"in2DMode":false,"pivot":{"x":0.0018065869808197022,"y":-0.22623485326766969,"z":0.0019109100103378296},"rotation":{"x":0.0008001873502507806,"y":0.9977811574935913,"z":-0.0677611380815506,"w":0.01109666284173727},"size":2.054189443588257,"orthographic":false}