{"cameraMode":{"drawMode":0,"name":"Shaded","section":"Shading Mode"},"sceneLighting":false,"audioPlay":false,"sceneViewState":{"showFog":true,"showMaterialUpdate":false,"showSkybox":false,"showFlares":true,"showImageEffects":true,"showParticleSystems":true},"in2DMode":false,"pivot":{"x":-27.99573516845703,"y":-8.615619659423829,"z":62.412933349609378},"rotation":{"x":-0.012493029236793518,"y":0.9869786500930786,"z":-0.09534870088100434,"w":-0.1292332261800766},"size":243.37405395507813,"orthographic":false}