{"cameraMode":{"drawMode":0,"name":"Shaded","section":"Shading Mode"},"sceneLighting":false,"audioPlay":false,"sceneViewState":{"showFog":true,"showMaterialUpdate":false,"showSkybox":false,"showFlares":true,"showImageEffects":true,"showParticleSystems":true},"in2DMode":false,"pivot":{"x":-2.0997250080108644,"y":0.842150092124939,"z":-48.889530181884769},"rotation":{"x":0.0006164379883557558,"y":0.9895167350769043,"z":-0.14679375290870667,"w":0.010332062840461731},"size":4.451587200164795,"orthographic":false}