{"cameraMode":{"drawMode":0,"name":"Shaded","section":"Shading Mode"},"sceneLighting":false,"audioPlay":false,"sceneViewState":{"showFog":true,"showMaterialUpdate":false,"showSkybox":false,"showFlares":true,"showImageEffects":true,"showParticleSystems":true},"in2DMode":false,"pivot":{"x":607.3677978515625,"y":137.6983184814453,"z":938.3573608398438},"rotation":{"x":-0.034777965396642688,"y":-0.03654151409864426,"z":0.0014460667734965683,"w":-0.9988974332809448},"size":2024.16015625,"orthographic":false}