{"cameraMode":{"drawMode":0,"name":"Shaded","section":"Shading Mode"},"sceneLighting":false,"audioPlay":false,"sceneViewState":{"showFog":true,"showMaterialUpdate":false,"showSkybox":false,"showFlares":true,"showImageEffects":true,"showParticleSystems":true},"in2DMode":false,"pivot":{"x":0.7264881134033203,"y":1.0301989316940308,"z":-2.8709115982055666},"rotation":{"x":0.006157018709927797,"y":0.9677350521087647,"z":-0.023516684770584108,"w":0.2513575255870819},"size":4.456679821014404,"orthographic":false}