{"cameraMode":{"drawMode":0,"name":"Shaded","section":"Shading Mode"},"sceneLighting":false,"audioPlay":false,"sceneViewState":{"showFog":true,"showMaterialUpdate":false,"showSkybox":false,"showFlares":true,"showImageEffects":true,"showParticleSystems":true},"in2DMode":false,"pivot":{"x":-1.5519933700561524,"y":0.5999999046325684,"z":2.8259987831115724},"rotation":{"x":0.0005740689812228084,"y":0.9984668493270874,"z":-0.06026117131114006,"w":0.02086910605430603},"size":32.00830078125,"orthographic":false}