{"cameraMode":{"drawMode":0,"name":"Shaded","section":"Shading Mode"},"sceneLighting":false,"audioPlay":false,"sceneViewState":{"showFog":true,"showMaterialUpdate":false,"showSkybox":false,"showFlares":true,"showImageEffects":true,"showParticleSystems":true},"in2DMode":false,"pivot":{"x":-269.3056640625,"y":61.609127044677737,"z":322.5682373046875},"rotation":{"x":0.011286298744380474,"y":0.9885135293006897,"z":-0.12099984288215637,"w":0.09131193161010742},"size":544.755126953125,"orthographic":false}