{"cameraMode":{"drawMode":0,"name":"Shaded","section":"Shading Mode"},"sceneLighting":true,"audioPlay":false,"sceneViewState":{"showFog":true,"showMaterialUpdate":false,"showSkybox":true,"showFlares":true,"showImageEffects":true,"showParticleSystems":true},"in2DMode":false,"pivot":{"x":0.5415158271789551,"y":0.24355840682983399,"z":-0.6508603096008301},"rotation":{"x":-0.0728282481431961,"y":0.9187480211257935,"z":-0.20189280807971955,"w":-0.3314173221588135},"size":10.0,"orthographic":false}